{"i_alpha": [1, 1, 1, 1, 1, 1, 1, 1, 1, 1, 2, 2, 2, 2, 2, 2, 2, 2, 2, 2, 3, 3, 3, 3, 3, 3, 3, 3, 3, 3, 4, 4, 4, 4, 4, 4, 4, 4, 4, 4, 5, 5, 5, 5, 5, 5, 5, 5, 5, 5, 6, 6, 6, 6, 6, 6, 6, 6, 6, 6, 7, 7, 7, 7, 7, 7, 7, 7, 7, 7, 8, 8, 8, 8, 8, 9, 9, 9, 9, 9], "reward": [0.09999999999999981, 0.1279999999999997, 0.09954999999999982, 0.12554999999999972, 0.1299999999999997, 0.09999999999999981, 0.13999999999999965, 0.12499999999999972, 0.13299999999999967, 0.1299999999999997, 0.18149999999999994, 0.09999999999999981, 0.12199999999999972, 0.20200000000000018, 0.1279999999999997, 0.09909999999999981, 0.12854999999999972, 0.12554999999999972, 0.14054999999999968, 0.09909999999999983, 0.6714500000000048, 0.09999999999999981, 0.19055, 0.13619999999999968, 0.12554999999999972, 0.19120000000000004, 0.13254999999999967, 0.1289999999999997, 0.12754999999999972, 0.12399999999999972, 0.19500000000000006, 1.5477999999999525, 0.10729999999999978, 0.18719999999999998, 0.1295499999999997, 0.17799999999999983, 1.03659999999998, 0.3481500000000023, 1.1592999999999736, 0.19500000000000006, 1.660249999999948, 1.685999999999947, 0.20300000000000018, 0.19900000000000012, 0.13509999999999966, 0.12854999999999972, 1.6879999999999469, 1.6439999999999495, 0.1317499999999997, 1.6821499999999472, 0.2110000000000003, 0.19395000000000007, 1.6639999999999484, 1.6429999999999496, 1.6679999999999482, 1.6536999999999487, 1.6609999999999485, 1.6899999999999469, 1.6028999999999507, 1.6489999999999492, 1.686999999999947, 1.666999999999948, 1.660799999999948, 1.6520999999999488, 1.686999999999947, 1.6261499999999502, 0.16619999999999968, 1.6609999999999485, 1.610949999999951, 1.683999999999947, 1.6589999999999485, 1.6659999999999482, 1.6759999999999478, 1.6649999999999483, 1.6569999999999487, 1.668999999999948, 1.6599999999999486, 1.6969999999999466, 1.6749999999999476, 1.6469999999999494]}